publication_date,openalex_id,cited_by_count,title,doi,status,filename,source_url,bytes,notes
2026-07-08,W7167828524,0,ThermoDSE: A Thermal-Aware and Comprehensive Design Space Exploration for Chiplet-Based DNN Accelerators,https://doi.org/10.48550/arxiv.2607.07096,downloaded,2026_W7167828524_ThermoDSE_A_Thermal_Aware_and_Comprehensive_Design_Space_Exploration_for_Ch.pdf,https://arxiv.org/pdf/2607.07096,5698967,
2025-09-04,W4413989692,16,MFIT : Multi-FIdelity Thermal Modeling for 2.5D and 3D Multi-Chiplet Architectures,https://doi.org/10.1145/3765905,downloaded,2025_W4413989692_MFIT_Multi_FIdelity_Thermal_Modeling_for_2_5D_and_3D_Multi_Chiplet_Architec.pdf,https://arxiv.org/pdf/2410.09188,4433401,
2025-08-27,W4413762875,0,M3D-MDA: New scratchpad memory for enhancing GPU performance and energy efficiency,https://doi.org/10.4218/etrij.2024-0538,unavailable,,,,onlinelibrary.wiley.com: HTTP Error 403: Forbidden
2025-06-27,W4411713360,1,TACPlace: Ultrafast Thermal-Aware Chiplet Placement with Feasibility Seeking,https://doi.org/10.1145/3716368.3735185,unavailable,,,,No public PDF link found in OpenAlex or known author repositories
2025-03-10,W4414900343,0,Cool-3D: An End-to-End Thermal-Aware Framework for Early-Phase Design Space Exploration of Microfluidic-Cooled 3DICs,https://doi.org/10.48550/arxiv.2503.07297,downloaded,2025_W4414900343_Cool_3D_An_End_to_End_Thermal_Aware_Framework_for_Early_Phase_Design_Space_.pdf,https://arxiv.org/pdf/2503.07297,3041914,
2024-10-27,W4409282844,14,ATPlace2.5D: Analytical Thermal-Aware Chiplet Placement Framework for Large-Scale 2.5D-IC,https://doi.org/10.1145/3676536.3676648,downloaded,2024_W4409282844_ATPlace2_5D_Analytical_Thermal_Aware_Chiplet_Placement_Framework_for_Large_.pdf,https://yibolin.com/publications/papers/PLACE_ICCAD2024_Wang.pdf,2343401,
2024-07-08,W4400409743,15,A computational search for the optimal microelectronic heat sink using ANSYS Icepak,https://doi.org/10.1016/j.ijft.2024.100759,downloaded,2024_W4400409743_A_computational_search_for_the_optimal_microelectronic_heat_sink_using_ANSY.pdf,https://faculty.uobasrah.edu.iq/uploads/publications/1736548601.pdf,12595710,
2023-12-28,W4390437658,2,RLPlanner: Reinforcement Learning based Floorplanning for Chiplets with Fast Thermal Analysis,https://doi.org/10.48550/arxiv.2312.16895,downloaded,2023_W4390437658_RLPlanner_Reinforcement_Learning_based_Floorplanning_for_Chiplets_with_Fast.pdf,https://arxiv.org/pdf/2312.16895,1031529,
2023-09-25,W4387010219,15,Impact of 3-D Integration on Thermal Performance of RISC-V MemPool Multicore SOC,https://doi.org/10.1109/tvlsi.2023.3314135,downloaded,2023_W4387010219_Impact_of_3_D_Integration_on_Thermal_Performance_of_RISC_V_MemPool_Multicor.pdf,https://lirias.kuleuven.be/retrieve/47a21a9c-207a-4741-a1cb-b264dad7825a,2291523,
2023-08-08,W4394711422,7,Effect of Thermal Interface Materials on Thermal Performance and Reliability of Large Size Flip Chips,https://doi.org/10.1109/icept59018.2023.10492353,unavailable,,,,No public PDF link found in OpenAlex or known author repositories
2023-08-08,W4394712637,2,A junction temperature prediction model for 3D stacked packaging chip based on thermal resistance matrix,https://doi.org/10.1109/icept59018.2023.10492176,unavailable,,,,No public PDF link found in OpenAlex or known author repositories
2023-06-23,W4381799710,0,Thermal aware task assignment for multicore processors using genetic algorithm,https://doi.org/10.11591/ijece.v13i5.pp5253-5264,downloaded,2023_W4381799710_Thermal_aware_task_assignment_for_multicore_processors_using_genetic_algori.pdf,https://ijece.iaescore.com/index.php/IJECE/article/download/30148/16825,879793,
2023-05-01,W4385525472,12,A Novel Indium Metal Thermal Interface Material and Package Design Configuration to Enhance High-Power Advanced Si Packages Thermal Performance,https://doi.org/10.1109/ectc51909.2023.00356,unavailable,,,,No public PDF link found in OpenAlex or known author repositories
2023-03-29,W4361199658,9,Chiplet Multi-Objective Optimization Algorithm Based on Communication Consumption and Temperature,https://doi.org/10.3390/electronics12071604,downloaded,2023_W4361199658_Chiplet_Multi_Objective_Optimization_Algorithm_Based_on_Communication_Consu.pdf,https://mdpi-res.com/d_attachment/electronics/electronics-12-01604/article_deploy/electronics-12-01604.pdf,3192476,
2022-05-31,W4312786694,23,From 2.5D to 3D Chiplet Systems: Investigation of Thermal Implications with HotSpot 7.0,https://doi.org/10.1109/itherm54085.2022.9899649,unavailable,,,,No public PDF link found in OpenAlex or known author repositories
2021-11-01,W4205499638,17,HotGauge: A Methodology for Characterizing Advanced Hotspots in Modern and Next Generation Processors,https://doi.org/10.1109/iiswc53511.2021.00025,downloaded,2021_W4205499638_HotGauge_A_Methodology_for_Characterizing_Advanced_Hotspots_in_Modern_and_N.pdf,https://sites.tufts.edu/tcal/files/2021/11/HotGauge_IISWC_2021.pdf,3183215,
2021-09-03,W3197485759,7,WaFFLe: Gated Cache-Ways with Per-Core Fine-Grained DVFS for Reduced On-Chip Temperature and Leakage Consumption,https://doi.org/10.1145/3471908,downloaded,2021_W3197485759_WaFFLe_Gated_Cache_Ways_with_Per_Core_Fine_Grained_DVFS_for_Reduced_On_Chip.pdf,https://www.sjalander.com/research/pdf/sjalander-taco2021.pdf,2350022,
2021-05-11,W3163019281,44,PACT: An Extensible Parallel Thermal Simulator for Emerging Integration and Cooling Technologies,https://doi.org/10.1109/tcad.2021.3079166,downloaded,2021_W3163019281_PACT_An_Extensible_Parallel_Thermal_Simulator_for_Emerging_Integration_and_.pdf,https://www.bu.edu/peaclab/files/2024/02/PACT_An_Extensible_Parallel_Thermal_Simulator_for_Emerging_Integration_and_Cooling_Technologies.pdf,4918607,
2021-04-07,W3161169265,1,Fast Thermal Goodness Evaluation of a 3D-IC Floorplan,https://doi.org/10.1109/isqed51717.2021.9424278,downloaded,2021_W3161169265_Fast_Thermal_Goodness_Evaluation_of_a_3D_IC_Floorplan.pdf,https://www.isqed.org/English/Archives/2021/ISQED_2021_Papers/pdf/3B-4-125.pdf,1024009,
2021-01-01,W3198823353,6,Characterizing the Thermal Feasibility of Monolithic 3D Microprocessors,https://doi.org/10.1109/access.2021.3108628,unavailable,,,,ieeexplore.ieee.org: HTTP Error 404: Not Found
2020-11-30,W3107631902,2,An Improved Matrix Generation Framework for Thermal Aware Placement in VLSI,https://doi.org/10.1109/access.2020.3041365,unavailable,,,,ieeexplore.ieee.org: HTTP Error 404: Not Found
2020-11-23,W3109296144,14,DTaPO: Dynamic Thermal-Aware Performance Optimization for Dark Silicon Many-Core Systems,https://doi.org/10.3390/electronics9111980,downloaded,2020_W3109296144_DTaPO_Dynamic_Thermal_Aware_Performance_Optimization_for_Dark_Silicon_Many_.pdf,https://mdpi-res.com/d_attachment/electronics/electronics-09-01980/article_deploy/electronics-09-01980.pdf,2653498,
2020-10-09,W4206159291,0,Thermal Simulation of a CPU Based on Model Order Reduction,https://doi.org/10.1109/urtc51696.2020.9668879,downloaded,2020_W4206159291_Thermal_Simulation_of_a_CPU_Based_on_Model_Order_Reduction.pdf,https://par.nsf.gov/servlets/purl/10200426,635401,
2020-09-09,W3086153377,7,A Thermal-Aware On-Line Fault Tolerance Method for TSV Lifetime Reliability in 3D-NoC Systems,https://doi.org/10.1109/access.2020.3022904,downloaded,2020_W3086153377_A_Thermal_Aware_On_Line_Fault_Tolerance_Method_for_TSV_Lifetime_Reliability.pdf,https://ieeexplore.ieee.org/ielx7/6287639/8948470/09189765.pdf,5849876,
2020-06-24,W3157445859,2,Thermal distribution and reliability prediction for 3D Networks-on-Chip,https://doi.org/10.25073/2588-1086/vnucsce.245,downloaded,2020_W3157445859_Thermal_distribution_and_reliability_prediction_for_3D_Networks_on_Chip.pdf,https://jcsce.vnu.edu.vn/index.php/jcsce/article/view/245/110,1181871,
2020-05-29,W3032668683,10,TAMER: an adaptive task allocation method for aging reduction in multi-core embedded real-time systems,https://doi.org/10.1007/s11227-020-03326-7,unavailable,,,,No public PDF link found in OpenAlex or known author repositories
2020-05-04,W3021197939,5,TRIC: A Thermal Resistance and Impedance Calculator for Electronic Packages,https://doi.org/10.3390/en13092252,downloaded,2020_W3021197939_TRIC_A_Thermal_Resistance_and_Impedance_Calculator_for_Electronic_Packages.pdf,https://mdpi-res.com/d_attachment/energies/energies-13-02252/article_deploy/energies-13-02252.pdf,4471320,
2020-03-01,W3035869053,3,A Spectral Approach to Scalable Vectorless Thermal Integrity Verification,https://doi.org/10.23919/date48585.2020.9116438,downloaded,2020_W3035869053_A_Spectral_Approach_to_Scalable_Vectorless_Thermal_Integrity_Verification.pdf,https://par.nsf.gov/servlets/purl/10174293,1287366,
2020-03-01,W3036764451,14,Thermal-Cycling-aware Dynamic Reliability Management in Many-Core System-on-Chip,https://doi.org/10.23919/date48585.2020.9116325,downloaded,2020_W3036764451_Thermal_Cycling_aware_Dynamic_Reliability_Management_in_Many_Core_System_on.pdf,https://re.public.polimi.it/retrieve/handle/11311/1150421/551972/thermal_cycling_in_resource_management.pdf,924449,
2020-02-18,W3006943355,5,Fuzzy-Based Thermal Management Scheme for 3D Chip Multicores with Stacked Caches,https://doi.org/10.3390/electronics9020346,downloaded,2020_W3006943355_Fuzzy_Based_Thermal_Management_Scheme_for_3D_Chip_Multicores_with_Stacked_C.pdf,https://mdpi-res.com/d_attachment/electronics/electronics-09-00346/article_deploy/electronics-09-00346.pdf,652864,
2020-01-23,W3001987830,19,On the Reproducibility of Thermal Measurements and of Related Thermal Metrics in Static and Transient Tests of Power Devices,https://doi.org/10.3390/en13030557,downloaded,2020_W3001987830_On_the_Reproducibility_of_Thermal_Measurements_and_of_Related_Thermal_Metri.pdf,https://mdpi-res.com/d_attachment/energies/energies-13-00557/article_deploy/energies-13-00557.pdf,7319341,
