openalex_id,title,doi,pdf_filename,pdf_pages,decision,evidence,required_for_faithful_replication,reason
W7167828524,ThermoDSE: A Thermal-Aware and Comprehensive Design Space Exploration for Chiplet-Based DNN Accelerators,https://doi.org/10.48550/arxiv.2607.07096,2026_W7167828524_ThermoDSE_A_Thermal_Aware_and_Comprehensive_Design_Space_Exploration_for_Ch.pdf,"1,4",unsupported_current_backend,Chiplet DNN accelerator design-space exploration,"chiplet floorplans, accelerator power/workloads, optimization loop",Studio fixes EV6/GCC inputs and cannot run this paper's experiment
W4413989692,MFIT : Multi-FIdelity Thermal Modeling for 2.5D and 3D Multi-Chiplet Architectures,https://doi.org/10.1145/3765905,2025_W4413989692_MFIT_Multi_FIdelity_Thermal_Modeling_for_2_5D_and_3D_Multi_Chiplet_Architec.pdf,"1,15",unsupported_current_backend,Multi-fidelity 2.5D and 3D chiplet thermal models,"chiplet geometry, material stack, comparison models",Studio fixes EV6/GCC inputs and cannot run this paper's experiment
W4413762875,M3D-MDA: New scratchpad memory for enhancing GPU performance and energy efficiency,https://doi.org/10.4218/etrij.2024-0538,,,source_unavailable,PDF not in local corpus,Obtain and review source PDF,onlinelibrary.wiley.com: HTTP Error 403: Forbidden
W4411713360,TACPlace: Ultrafast Thermal-Aware Chiplet Placement with Feasibility Seeking,https://doi.org/10.1145/3716368.3735185,,,source_unavailable,PDF not in local corpus,Obtain and review source PDF,No public PDF link found in OpenAlex or known author repositories
W4414900343,Cool-3D: An End-to-End Thermal-Aware Framework for Early-Phase Design Space Exploration of Microfluidic-Cooled 3DICs,https://doi.org/10.48550/arxiv.2503.07297,2025_W4414900343_Cool_3D_An_End_to_End_Thermal_Aware_Framework_for_Early_Phase_Design_Space_.pdf,"1,9",unsupported_current_backend,Microfluidic-cooled 3D integrated circuits,"3D layers, microfluidic cooling, architecture workloads",Studio fixes EV6/GCC inputs and cannot run this paper's experiment
W4409282844,ATPlace2.5D: Analytical Thermal-Aware Chiplet Placement Framework for Large-Scale 2.5D-IC,https://doi.org/10.1145/3676536.3676648,2024_W4409282844_ATPlace2_5D_Analytical_Thermal_Aware_Chiplet_Placement_Framework_for_Large_.pdf,"1,6",unsupported_current_backend,Large-scale 2.5D chiplet placement and thermal evaluation,"chiplet placement, interposer geometry, varied power maps",Studio fixes EV6/GCC inputs and cannot run this paper's experiment
W4400409743,A computational search for the optimal microelectronic heat sink using ANSYS Icepak,https://doi.org/10.1016/j.ijft.2024.100759,2024_W4400409743_A_computational_search_for_the_optimal_microelectronic_heat_sink_using_ANSY.pdf,1,unsupported_current_backend,ANSYS Icepak heat-sink and fluid-flow optimization,"heat-sink geometry, fluid-flow boundary conditions, ANSYS model",Studio fixes EV6/GCC inputs and cannot run this paper's experiment
W4390437658,RLPlanner: Reinforcement Learning based Floorplanning for Chiplets with Fast Thermal Analysis,https://doi.org/10.48550/arxiv.2312.16895,2023_W4390437658_RLPlanner_Reinforcement_Learning_based_Floorplanning_for_Chiplets_with_Fast.pdf,"1,2",unsupported_current_backend,Reinforcement-learning chiplet floorplanning,"chiplet benchmark floorplans, placement policy, power maps",Studio fixes EV6/GCC inputs and cannot run this paper's experiment
W4387010219,Impact of 3-D Integration on Thermal Performance of RISC-V MemPool Multicore SOC,https://doi.org/10.1109/tvlsi.2023.3314135,2023_W4387010219_Impact_of_3_D_Integration_on_Thermal_Performance_of_RISC_V_MemPool_Multicor.pdf,"1,3",unsupported_current_backend,Steady-state modeling of a stacked RISC-V MemPool SoC,"MemPool 2D/3D floorplans, layer stack, measured power",Studio fixes EV6/GCC inputs and cannot run this paper's experiment
W4394711422,Effect of Thermal Interface Materials on Thermal Performance and Reliability of Large Size Flip Chips,https://doi.org/10.1109/icept59018.2023.10492353,,,source_unavailable,PDF not in local corpus,Obtain and review source PDF,No public PDF link found in OpenAlex or known author repositories
W4394712637,A junction temperature prediction model for 3D stacked packaging chip based on thermal resistance matrix,https://doi.org/10.1109/icept59018.2023.10492176,,,source_unavailable,PDF not in local corpus,Obtain and review source PDF,No public PDF link found in OpenAlex or known author repositories
W4381799710,Thermal aware task assignment for multicore processors using genetic algorithm,https://doi.org/10.11591/ijece.v13i5.pp5253-5264,2023_W4381799710_Thermal_aware_task_assignment_for_multicore_processors_using_genetic_algori.pdf,"1,4,7",unsupported_current_backend,Thermal task assignment coupled to gem5 and McPAT,"quad-core floorplan, workload power traces, scheduling loop",Studio fixes EV6/GCC inputs and cannot run this paper's experiment
W4385525472,A Novel Indium Metal Thermal Interface Material and Package Design Configuration to Enhance High-Power Advanced Si Packages Thermal Performance,https://doi.org/10.1109/ectc51909.2023.00356,,,source_unavailable,PDF not in local corpus,Obtain and review source PDF,No public PDF link found in OpenAlex or known author repositories
W4361199658,Chiplet Multi-Objective Optimization Algorithm Based on Communication Consumption and Temperature,https://doi.org/10.3390/electronics12071604,2023_W4361199658_Chiplet_Multi_Objective_Optimization_Algorithm_Based_on_Communication_Consu.pdf,"1,3",unsupported_current_backend,2.5D chiplet temperature and communication optimization,"chiplet/interposer floorplan, per-chiplet power, optimizer",Studio fixes EV6/GCC inputs and cannot run this paper's experiment
W4312786694,From 2.5D to 3D Chiplet Systems: Investigation of Thermal Implications with HotSpot 7.0,https://doi.org/10.1109/itherm54085.2022.9899649,,,source_unavailable,PDF not in local corpus,Obtain and review source PDF,No public PDF link found in OpenAlex or known author repositories
W4205499638,HotGauge: A Methodology for Characterizing Advanced Hotspots in Modern and Next Generation Processors,https://doi.org/10.1109/iiswc53511.2021.00025,2021_W4205499638_HotGauge_A_Methodology_for_Characterizing_Advanced_Hotspots_in_Modern_and_N.pdf,1,unsupported_current_backend,Localized application-dependent processor hotspots,"processor floorplans, detailed workload power maps, hotspot metrics",Studio fixes EV6/GCC inputs and cannot run this paper's experiment
W3197485759,WaFFLe: Gated Cache-Ways with Per-Core Fine-Grained DVFS for Reduced On-Chip Temperature and Leakage Consumption,https://doi.org/10.1145/3471908,2021_W3197485759_WaFFLe_Gated_Cache_Ways_with_Per_Core_Fine_Grained_DVFS_for_Reduced_On_Chip.pdf,"1,12",unsupported_current_backend,Cache-way gating and per-core DVFS,"multi-core floorplan, dynamic power/leakage, DVFS control loop",Studio fixes EV6/GCC inputs and cannot run this paper's experiment
W3163019281,PACT: An Extensible Parallel Thermal Simulator for Emerging Integration and Cooling Technologies,https://doi.org/10.1109/tcad.2021.3079166,2021_W3163019281_PACT_An_Extensible_Parallel_Thermal_Simulator_for_Emerging_Integration_and_.pdf,"1,8",unsupported_current_backend,PACT simulator evaluation across integration and cooling technologies,"PACT and comparison setups, custom floorplans, cooling models",Studio fixes EV6/GCC inputs and cannot run this paper's experiment
W3161169265,Fast Thermal Goodness Evaluation of a 3D-IC Floorplan,https://doi.org/10.1109/isqed51717.2021.9424278,2021_W3161169265_Fast_Thermal_Goodness_Evaluation_of_a_3D_IC_Floorplan.pdf,"1,2",unsupported_current_backend,Thermal goodness of 3D-IC floorplans,"multiple 3D layer floorplans, block powers, proposed metric",Studio fixes EV6/GCC inputs and cannot run this paper's experiment
W3198823353,Characterizing the Thermal Feasibility of Monolithic 3D Microprocessors,https://doi.org/10.1109/access.2021.3108628,,,source_unavailable,PDF not in local corpus,Obtain and review source PDF,ieeexplore.ieee.org: HTTP Error 404: Not Found
W3107631902,An Improved Matrix Generation Framework for Thermal Aware Placement in VLSI,https://doi.org/10.1109/access.2020.3041365,,,source_unavailable,PDF not in local corpus,Obtain and review source PDF,ieeexplore.ieee.org: HTTP Error 404: Not Found
W3109296144,DTaPO: Dynamic Thermal-Aware Performance Optimization for Dark Silicon Many-Core Systems,https://doi.org/10.3390/electronics9111980,2020_W3109296144_DTaPO_Dynamic_Thermal_Aware_Performance_Optimization_for_Dark_Silicon_Many_.pdf,"1,8",unsupported_current_backend,Dynamic thermal management of a 64-core NoC,"64-core floorplan, Sniper/McPAT power, runtime control",Studio fixes EV6/GCC inputs and cannot run this paper's experiment
W4206159291,Thermal Simulation of a CPU Based on Model Order Reduction,https://doi.org/10.1109/urtc51696.2020.9668879,2020_W4206159291_Thermal_Simulation_of_a_CPU_Based_on_Model_Order_Reduction.pdf,"2,3",adapted_pilot_only,"Alpha EV6 geometry, but FEniCS/POD with 3D structure and pulsed power","paper's 3D geometry, three pulse inputs, boundary conditions, FEniCS/POD outputs","The processor family is shared, but the paper's geometry, experiment, and output are different"
W3086153377,A Thermal-Aware On-Line Fault Tolerance Method for TSV Lifetime Reliability in 3D-NoC Systems,https://doi.org/10.1109/access.2020.3022904,2020_W3086153377_A_Thermal_Aware_On_Line_Fault_Tolerance_Method_for_TSV_Lifetime_Reliability.pdf,"1,12",unsupported_current_backend,TSV fault tolerance in a 3D NoC,"3D NoC/router floorplans, TSV model, traffic and fault inputs",Studio fixes EV6/GCC inputs and cannot run this paper's experiment
W3157445859,Thermal distribution and reliability prediction for 3D Networks-on-Chip,https://doi.org/10.25073/2588-1086/vnucsce.245,2020_W3157445859_Thermal_distribution_and_reliability_prediction_for_3D_Networks_on_Chip.pdf,"1,2,5",unsupported_current_backend,3D NoC thermal and reliability prediction,"3D NoC floorplans, traffic-derived power, reliability model",Studio fixes EV6/GCC inputs and cannot run this paper's experiment
W3032668683,TAMER: an adaptive task allocation method for aging reduction in multi-core embedded real-time systems,https://doi.org/10.1007/s11227-020-03326-7,,,source_unavailable,PDF not in local corpus,Obtain and review source PDF,No public PDF link found in OpenAlex or known author repositories
W3021197939,TRIC: A Thermal Resistance and Impedance Calculator for Electronic Packages,https://doi.org/10.3390/en13092252,2020_W3021197939_TRIC_A_Thermal_Resistance_and_Impedance_Calculator_for_Electronic_Packages.pdf,1,unsupported_current_backend,TRIC package resistance and impedance calculation,"package-family geometry, parametric detailed thermal models, TRIC solver",Studio fixes EV6/GCC inputs and cannot run this paper's experiment
W3035869053,A Spectral Approach to Scalable Vectorless Thermal Integrity Verification,https://doi.org/10.23919/date48585.2020.9116438,2020_W3035869053_A_Spectral_Approach_to_Scalable_Vectorless_Thermal_Integrity_Verification.pdf,1,unsupported_current_backend,Spectral vectorless thermal integrity verification,"3D thermal grid, vectorless power bounds, spectral algorithm",Studio fixes EV6/GCC inputs and cannot run this paper's experiment
W3036764451,Thermal-Cycling-aware Dynamic Reliability Management in Many-Core System-on-Chip,https://doi.org/10.23919/date48585.2020.9116325,2020_W3036764451_Thermal_Cycling_aware_Dynamic_Reliability_Management_in_Many_Core_System_on.pdf,"1,5",unsupported_current_backend,Thermal-cycling reliability management in a many-core SoC,"many-core floorplan, time-varying power, reliability policy",Studio fixes EV6/GCC inputs and cannot run this paper's experiment
W3006943355,Fuzzy-Based Thermal Management Scheme for 3D Chip Multicores with Stacked Caches,https://doi.org/10.3390/electronics9020346,2020_W3006943355_Fuzzy_Based_Thermal_Management_Scheme_for_3D_Chip_Multicores_with_Stacked_C.pdf,"1,3,9",unsupported_current_backend,3D stacked-cache thermal control,"stacked-cache floorplan, SPEC power traces, fuzzy controller",Studio fixes EV6/GCC inputs and cannot run this paper's experiment
W3001987830,On the Reproducibility of Thermal Measurements and of Related Thermal Metrics in Static and Transient Tests of Power Devices,https://doi.org/10.3390/en13030557,2020_W3001987830_On_the_Reproducibility_of_Thermal_Measurements_and_of_Related_Thermal_Metri.pdf,1,unsupported_current_backend,Measured static/transient thermal metrics of power devices,"physical device measurements, package/cooling mount, TDIM analysis",Studio fixes EV6/GCC inputs and cannot run this paper's experiment
